t,lwww,rwww
0.0,0.25314667431646526,0.13085332568353467
0.012,0.507410109188559,0.26289389081144077
0.024,0.7627903044035539,0.39612169559644594
0.036000000000000004,1.019287264820912,0.5305367351790878
0.048,1.276901000370825,0.6661389996291748
0.06,1.5356315260520255,0.8029284739479744
0.07200000000000001,1.7954788619288664,0.9409051380711332
0.084,2.056443033127674,1.0800689668723251
0.096,2.318524069832372,1.2204199301676273
0.108,2.5817220072793736,1.3619579927206258
0.12,2.846036885751753,1.5046831142482462
0.132,3.111468750572686,1.6485952494273126
0.14400000000000002,3.3780176520981673,1.7936943479018315
0.156,3.645683645709001,1.939980354290998
0.168,3.91446679180207,2.0874532081979287
0.18,4.184367155780885,2.236112844219113
0.192,4.455384808045409,2.3859591919545897
0.20400000000000001,4.727519823981164,2.5369921760188343
0.216,5.000772283947622,2.689211716052376
0.228,5.275142273265881,2.8426177267341166
0.24,5.5506298822056195,2.9972101177943777
0.252,5.827235205971349,3.1529887940286487
0.264,6.104958344687948,3.3099536553120497
0.276,6.383799403385494,3.468104596614504
0.28800000000000003,6.663758491983383,3.6274415080166147
0.3,6.944835725273755,3.787964274726243
0.312,7.227031222904205,3.9496727770957936
0.324,7.510345109359805,4.112566890640192
0.336,7.794777513944432,4.276646486055564
0.34800000000000003,8.080328570761392,4.441911429238605
0.36,8.366998418693358,4.608361581306639
0.372,8.654787201381623,4.775996798618373
0.384,8.94369506720467,4.944816932795327
0.396,9.233722169256048,5.1148218307439475
0.40800000000000003,9.524868665321586,5.28601133467841
0.42,9.817134717855915,5.458385282144081
0.432,10.110520493958335,5.6319435060416625
0.444,10.405026165347993,5.806685834652003
0.456,10.700651908338424,5.982612091661572
0.468,10.9973979038114,6.159722096188597
0.48,11.295264337190142,6.338015662809854
0.492,11.594251398411876,6.5174926015881205
0.504,11.894359281899726,6.6981527181002685
0.516,12.195588186533985,6.879995813466009
0.528,12.497938315622717,7.063021684377279
0.54,12.80140987687174,7.247230123128258
0.552,13.106003082353972,7.432620917646023
0.5640000000000001,13.411718148478156,7.61919385152184
0.5760000000000001,13.718555295956937,7.806948704043059
0.588,14.026514749774346,7.995885250225651
0.6,14.335596739152653,8.186003260847345
0.612,14.645801497518619,8.37730250248138
0.624,14.95712926246914,8.569782737530858
0.636,15.269580275736288,8.76344372426371
0.648,15.583154783151759,8.958285216848244
0.66,15.897853034610726,9.154306965389276
0.672,16.213675284035123,9.35150871596488
0.684,16.53062178933633,9.549890210663673
0.6960000000000001,16.848692812377294,9.749451187622707
0.708,17.167888618934082,9.95019138106592
0.72,17.48820947865686,10.15211052134314
0.732,17.809655665030338,10.355208334969662
0.744,18.132227455333627,10.559484544666374
0.756,18.45592513059959,10.76493886940041
0.768,18.78074897557362,10.971571024426382
0.78,19.106699278671897,11.179380721328103
0.792,19.433776331939132,11.38836766806087
0.804,19.76198043100575,11.59853156899425
0.8160000000000001,20.0913118750446,11.809872124955401
0.8280000000000001,20.42177096672712,12.022389033272884
0.84,20.75335801217902,12.236081987820981
0.852,21.086073320935473,12.45095067906453
0.864,21.41991720589577,12.66699479410423
0.876,21.75488998327757,12.884214016722431
0.888,22.090991972570585,13.102608027429415
0.9,22.428223496489856,13.322176503510143
0.912,22.76658488092855,13.542919119071449
0.924,23.106076454910276,13.764835545089722
0.936,23.44669855054098,13.987925449459018
0.9480000000000001,23.788451502960385,14.212188497039614
0.96,24.131335650292982,14.437624349707015
0.972,24.475351333598628,14.664232666401372
0.984,24.82049889682266,14.89201310317734
0.996,25.16677868674566,15.120965313254342
1.008,25.51419105293278,15.351088947067224
1.02,25.862736347682645,15.582383652317354
1.032,26.212414925975914,15.814849074024083
1.044,26.56322714542341,16.048484854576586
1.056,26.915173366213896,16.283290633786102
1.068,27.268253951061457,16.519266048938544
1.08,27.622469265152557,16.756410734847446
1.092,27.977819676092686,16.994724323907313
1.104,28.33430555385273,17.234206446147272
1.116,28.69192727071492,17.474856729285083
1.1280000000000001,29.050685201218506,17.716674798781497
1.1400000000000001,29.41057972210509,17.959660277894912
1.1520000000000001,29.771611212263632,18.203812787736368
1.164,30.133780052675164,18.44913194732484
1.176,30.49708662635718,18.695617373642825
1.188,30.861531318307755,18.943268681692246
1.2,31.227114515449376,19.192085484550628
1.212,31.593836606572477,19.442067393427525
1.224,31.961697982278725,19.693214017721278
1.236,32.330699034924045,19.945524965075965
1.248,32.70084015856135,20.198999841438653
1.26,33.07212174888313,20.453638251116875
1.272,33.44454420316367,20.70943979683633
1.284,33.81810792020115,20.96640407979886
1.296,34.192813300259445,21.224530699740566
1.308,34.568660745009794,21.483819254990216
1.32,34.9456506574722,21.74426934252781
1.332,35.32378344195667,22.005880558043344
1.344,35.70305950400424,22.268652495995784
1.356,36.083479250327855,22.532584749672168
1.368,36.46504308875308,22.79767691124694
1.3800000000000001,36.847751428158624,23.063928571841398
1.3920000000000001,37.231604678416716,23.331339321583307
1.4040000000000001,37.61660325033337,23.599908749666657
1.416,38.00274755558847,23.869636444411555
1.428,38.39003800667577,24.14052199332425
1.44,38.778475016842776,24.41256498315725
1.452,39.16805900003043,24.685764999969592
1.464,39.55879037081287,24.96012162918715
1.476,39.95066954433691,25.23563445566311
1.488,40.34369693626156,25.51230306373846
1.5,40.73787296269744,25.79012703730258
1.512,41.1331980401461,26.069105959853914
1.524,41.529672585439336,26.349239414560678
1.536,41.927297015678406,26.630526984321616
1.548,42.32607174817323,26.912968251826793
1.56,42.72599720038157,27.196562799618444
1.572,43.127073789848204,27.48131021015181
1.584,43.529301934144016,27.767210065856002
1.596,43.93268205080515,28.054261949194878
1.608,44.337214557272134,28.34246544272789
1.62,44.74289987082907,28.631820129170954
1.6320000000000001,45.14973840854277,28.92232559145726
1.6440000000000001,45.55773058720195,29.21398141279807
1.6560000000000001,45.96687682325654,29.506787176743483
1.668,46.37717753275688,29.80074246724314
1.68,46.78863313129316,30.095846868706857
1.692,47.20124403393478,30.392099966065242
1.704,47.615010655169854,30.68950134483017
1.716,48.029933408844805,30.988050591155215
1.728,48.44601270810399,31.28774729189602
1.74,48.86324896532954,31.588591034670475
1.752,49.281642592081134,31.89058140791888
1.764,49.701193999036086,32.193718000963926
1.776,50.12190359592942,32.4980004040706
1.788,50.54377179149413,32.80342820850589
1.8,50.9667989934016,33.11000100659842
1.812,51.39098560820216,33.41771839179786
1.824,51.81633204126576,33.72657995873426
1.836,52.2428386967229,34.036585303277114
1.848,52.67050597740568,34.34773402259433
1.86,53.099334284789045,34.66002571521096
1.872,53.52932401893222,34.97345998106779
1.8840000000000001,53.9604755784204,35.28803642157962
1.8960000000000001,54.39278936030653,35.603754639693484
1.9080000000000001,54.82626576005349,35.920614239946524
1.92,55.26090517147631,36.23861482852371
1.932,55.696707986684785,36.55775601331523
1.944,56.13367459602623,36.87803740397378
1.956,56.57180538802854,37.19945861197148
1.968,57.011100749343456,37.522019250656555
1.98,57.45156106469024,37.84571893530978
1.992,57.8931867167994,38.170557283200615
2.004,58.33597808635695,38.49653391364307
2.016,58.77993555194876,38.82364844805126
2.028,59.225059490005336,39.151900509994675
2.04,59.67135027474685,39.481289725253156
2.052,60.11880827812852,39.81181572187149
2.064,60.567433869786285,40.14347813021372
2.076,61.01722741698282,40.47627658301718
2.088,61.46818928455395,40.810210715446054
2.1,61.92031983485529,41.14528016514471
2.112,62.3736194277094,41.481484572290604
2.124,62.82808842035314,41.81882357964687
2.136,63.283727167385535,42.15729683261447
2.148,63.74053602071595,42.49690397928406
2.16,64.19851532951263,42.83764467048739
2.172,64.6576654401517,43.17951855984831
2.184,65.11798669616657,43.52252530383344
2.196,65.57947943819764,43.86666456180238
2.208,66.04214400394252,44.21193599605749
2.22,66.50598072810669,44.558339271893324
2.232,66.97098994235449,44.90587405764551
2.244,67.43717197526065,45.25454002473934
2.2560000000000002,67.90452715226222,45.604336847737784
2.2680000000000002,68.3730557956109,45.95526420438911
2.2800000000000002,68.84275822432592,46.307321775674076
2.2920000000000003,69.3136347541474,46.66050924585261
2.3040000000000003,69.78568569749,47.014826302510016
2.316,70.25891136339729,47.370272636602735
2.328,70.73331205749642,47.726847942503596
2.34,71.20888808195342,48.0845519180466
2.352,71.68563973542885,48.44338426457116
2.364,72.16356731303412,48.80334468696589
2.376,72.64267110628815,49.16443289371186
2.388,73.1229514030747,49.52664859692531
2.4,73.6044084876001,49.8899915123999
2.412,74.08704264035164,50.25446135964837
2.424,74.57085413805633,50.62005786194367
2.436,75.05584325364038,50.986780746359635
2.448,75.54201025618902,51.354629743810996
2.46,76.02935541090712,51.72360458909289
2.472,76.51787897908018,52.09370502091984
2.484,77.0075812180359,52.46493078196412
2.496,77.49846238110645,52.83728161889358
2.508,77.99052271759113,53.210757282408885
2.52,78.48376247271983,53.58535752728019
2.532,78.97818188761681,53.96108211238321
2.544,79.47378119926532,54.3379308007347
2.556,79.97056064047266,54.71590335952737
2.568,80.4685204398359,55.09499956016412
2.58,80.96766082170822,55.4752191782918
2.592,81.4679820061658,55.856561993834234
2.604,81.96948420897536,56.239027791024675
2.616,82.47216764156235,56.62261635843768
2.628,82.97603251097975,57.007327489020284
2.64,83.48107901987743,57.39316098012261
2.652,83.98730736647222,57.7801166335278
2.664,84.49471774451867,58.16819425548135
2.676,85.00331034328025,58.557393656719775
2.688,85.51308534750142,58.9477146524986
2.7,86.02404293738023,59.339157062619776
2.712,86.53618328854162,59.731720711458394
2.724,87.04950657201128,60.12540542798873
2.736,87.56401295419035,60.52021104580967
2.748,88.07970259683064,60.91613740316938
2.7600000000000002,88.59657565701055,61.313184342989466
2.7720000000000002,89.11463228711172,61.7113517128883
2.7840000000000003,89.63387263479626,62.11063936520376
2.7960000000000003,90.15429684298475,62.51104715701526
2.8080000000000003,90.67590504983488,62.912574950165116
2.82,91.19869738872079,63.31522261127921
2.832,91.72267398821302,63.71899001178698
2.844,92.24783497205934,64.12387702794068
2.856,92.77418045916602,64.529883540834
2.868,93.30171056358002,64.93700943642
2.88,93.83042539447179,65.34525460552824
2.892,94.36032505611871,65.75461894388131
2.904,94.89140964788936,66.16510235211067
2.916,95.42367926422838,66.57670473577164
2.928,95.95713399464213,66.9894260053579
2.94,96.491773923685,67.403266076315
2.952,97.02759913094647,67.81822486905354
2.964,97.56460969103884,68.23430230896118
2.976,98.10280567358572,68.65149832641428
2.988,98.64218714321126,69.06981285678876
3.0,99.18275415952998,69.48924584047003
3.012,99.72450677713748,69.90979722286254
3.024,100.0,70.33146695439825
3.036,100.0,70.75425499054471
3.048,100.0,71.17816129181213
3.06,100.0,71.60318582375992
3.072,100.0,72.02932855700243
3.084,100.0,72.45658946721393
3.096,100.0,72.88496853513293
3.108,100.0,73.31446574656573
3.12,100.0,73.74508109238924
3.132,100.0,74.17681456855311
3.144,100.0,74.54858195501754
3.156,100.0,74.61851539900125
3.168,100.0,74.3402015880672
3.18,100.0,74.10063996086656
3.192,100.0,73.83601446278271
3.204,100.0,73.61269502727427
3.216,100.0,73.43393865235608
3.228,100.0,73.2904108181163
3.24,100.0,73.11682433375803
3.2520000000000002,100.0,72.9761453196457
3.2640000000000002,100.0,72.8067498234478
3.2760000000000002,100.0,72.67162627165828
3.2880000000000003,100.0,72.5670811131287
3.3000000000000003,100.0,72.49134578973953
3.3120000000000003,100.0,72.38484214982367
3.3240000000000003,100.0,72.24566705569441
3.336,100.0,72.07542107385102
3.348,100.0,71.93889813486496
3.36,100.0,71.83604700590334
3.372,100.0,71.70002502042371
3.384,100.0,71.5324706730204
3.396,100.0,71.3981883966394
3.408,100.0,71.29714763844711
3.42,100.0,71.10106196197096
3.432,100.0,70.87635966309759
3.444,100.0,70.69118640120641
3.456,100.0,70.47672798422208
3.468,100.0,70.29588056125196
3.48,100.0,70.1484663783313
3.492,100.0,69.97115983777552
3.504,100.0,69.82521113621995
3.516,100.0,69.64733614150721
3.528,100.0,69.50231124661218
3.54,100.0,69.3883413850113
3.552,100.0,69.24050373052502
3.564,100.0,69.12368636399567
3.576,100.0,68.97473252382073
3.588,100.0,68.7935790272729
3.6,100.0,68.64324771660935
3.612,100.0,68.46396820198434
3.624,100.0,68.3170460265697
3.636,100.0,68.13580248833246
3.648,100.0,67.92358568314788
3.66,100.0,67.74673389083253
3.672,100.0,67.53854066791831
3.684,100.0,67.36195932381358
3.696,100.0,67.15544498612314
3.708,100.0,66.98370181602259
3.72,100.0,66.84146096416652
3.732,100.0,66.66557972608449
3.744,100.0,66.45944362694858
3.7560000000000002,100.0,66.22460976094428
3.7680000000000002,100.0,66.02225720862785
3.7800000000000002,100.0,65.85222375668376
3.7920000000000003,100.0,65.71275066180456
3.8040000000000003,100.0,65.53899863564618
3.8160000000000003,100.0,65.3326882186406
3.8280000000000003,100.0,65.15853887737188
3.84,100.0,65.01480302744976
3.852,100.0,64.8981048138997
3.864,100.0,64.74717465750972
3.876,100.0,64.56380884733431
3.888,100.0,64.40941130911465
3.9,100.0,64.28231208127126
3.912,100.0,64.1826441799808
3.924,100.0,64.04921791379044
3.936,100.0,63.880487929047206
3.948,100.0,63.73963516708139
3.96,100.0,63.62844525850062
3.972,100.0,63.54200527311276
3.984,100.0,63.417498802947165
3.996,100.0,63.26022318131203
4.008,100.0,63.13170749959079
4.0200000000000005,100.0,62.783262044513066
4.032,100.0,62.471903613306964
4.0440000000000005,100.0,62.13900168366186
4.056,100.0,61.78091032135598
4.0680000000000005,100.0,61.337543962958605
4.08,100.0,60.93740019778735
4.0920000000000005,100.0,60.578097784503974
4.104,100.0,60.19441098571814
4.116,100.0,59.78747672253352
4.128,100.0,59.42122255954863
4.14,100.0,59.09341638243559
4.152,100.0,58.80028984347377
4.164,99.83428874788362,58.48011558363107
4.176,99.56393589446566,58.134259582718855
4.188,99.33135342091391,57.82372127949623
4.2,99.13434516859472,57.5464504982458
4.212,98.91279456939144,57.302183337554865
4.224,98.60832590327469,57.02941596106224
4.236,98.3414925058365,56.72633053867783
4.248,98.1100427260899,56.394425919510375
4.26,97.85540592497475,56.09808777125413
4.272,97.6352342530273,55.77233709132277
4.284,97.50557916124997,55.41701604996415
4.296,97.40157406291581,54.97381106020246
4.308,97.32312543256054,54.50850386047228
4.32,97.21203177010973,54.08485686336219
4.332,97.1266965710036,53.63770956147451
4.344,97.06554361641938,53.16811497035333
4.356,96.97050134296506,52.73990384471569
4.368,96.78544418481482,52.35247489684653
4.38,96.62989700660104,51.939010012188376
4.392,96.50206846266063,51.5007245149315
4.404,96.40189766449924,51.1000992312833
4.416,96.15202304107169,50.67860296746443
4.428,95.93651174574117,50.29379335151627
4.44,95.75337098758264,49.94353803647636
4.452,95.54276816880345,49.627588687193274
4.464,95.306234689908,49.34409629042875
4.476,95.101318659696,49.028000631996484
4.488,94.92787134326583,48.74239594450033
4.5,94.60853457280719,48.42941361538617
4.5120000000000005,94.15341987022472,48.15242144832874
4.524,93.74356184789843,47.90397916061016
4.5360000000000005,93.37631491923266,47.68244383509784
4.548,92.99139372901466,47.48818807138808
4.5600000000000005,92.58971767362962,47.31976012289895
4.572,92.22800422967035,47.112217857844584
4.5840000000000005,91.84602539210127,46.869468030444686
4.596,91.44662669542849,46.65496862150601
4.6080000000000005,91.08852579746272,46.46530797460522
4.62,90.7693147332173,46.29906629439851
4.632,90.4288844937979,46.156778896751746
4.644,90.06835955507354,46.037186302050976
4.656,89.74475897504769,45.875635915834046
4.668,89.45588306335073,45.674336092011586
4.68,89.14353537538729,45.498664785779155
4.692,88.80898030952704,45.34726703740191
4.704,88.51128181331572,45.21702925630836
4.716,88.19040322245965,45.10857300992253
4.728,87.84758151942935,45.0207643971394
4.74,87.54004814218759,44.889175490365034
4.752,87.32366695029668,44.714374349241304
4.764,86.9631264808812,44.56703814865964
4.776,86.46666044084878,44.446081601783135
4.788,86.0100158172627,44.160199533369926
4.8,85.59602058691203,43.90267515473454
4.812,85.16420917034222,43.673617231988445
4.824,84.71374771688954,43.41002678358908
4.836,84.30350436288144,43.11201105261549
4.848,83.87473983111597,42.84441603128356
4.86,83.3704810491002,42.607374897573855
4.872,82.91079109785301,42.395810198327105
4.884,82.49306587662346,42.20826512565391
4.896,81.99896712388787,42.046910708749195
4.908,81.48884486045017,41.84716561859724
4.92,81.02312024646812,41.670794940854755
4.932,80.6554979901129,41.4533359357724
4.944,80.26597757212178,41.261636256375496
4.956,79.85572317974736,41.09432840130929
4.968,79.48382873252568,40.948411157346484
4.98,79.14806258979733,40.8226731792891
4.992,78.7285747799386,40.6579390135647
5.0040000000000004,78.34764450261675,40.514416887699724
5.016,78.00138128434428,40.32954394067041
5.0280000000000005,77.63125556925917,40.168459077797195
5.04,77.12250668675918,40.033301468662216
5.0520000000000005,76.6568952361767,39.91779208294594
5.064,76.2319029058307,39.820824421005796
5.0760000000000005,75.78544706683061,39.68164300236543
5.088,75.32022363300216,39.56390669829714
5.1000000000000005,74.89359102460101,39.40345869435554
5.112,74.50327403137413,39.20257884945313
5.124,74.0905391325113,39.02624623789324
5.136,73.65657444182281,38.87315951066033
5.148,73.25746956885236,38.61792204584559
5.16,72.83598721545341,38.390014728439226
5.172,72.39176066026522,38.1267015599309
5.184,71.98410462096166,37.82834445913853
5.196,71.60943947364558,37.435622492529184
5.208,71.21027663073053,37.077186135003856
5.22,70.61345486325365,36.75582207816296
5.232,70.05956250952062,36.34104836863862
5.244,69.54904975851974,35.96027798461737
5.256,69.01966803205795,35.55182806373554
5.268,68.47379512946986,35.17832361060574
5.28,68.0272406812154,34.77367081516084
5.292,67.61749672221411,34.4019723214449
5.304,67.1841406268365,34.062755561873615
5.316,66.72845164279433,33.7542632034309
5.328,66.30983994874885,33.47333568283962
5.34,65.86643498501684,33.15867659249013
5.352,65.40095302173508,32.87325733484236
5.364,64.9712978578621,32.55280110984816
5.376,64.57678429338688,32.260267728559285
5.388,64.15711503860577,31.995511966837665
5.4,63.71365117228165,31.757048206616957
5.412,63.305871577056344,31.541964076259376
5.424,62.87348745275726,31.35042809598364
5.436,62.416297470745356,31.119963785265178
5.448,61.937040879293754,30.913876848049327
5.46,61.436883845533124,30.730876278925972
5.472,60.97508430519503,30.568194909743124
5.484,60.549410018611795,30.42468660697924
5.496,60.156281314413654,30.23807727634112
5.508,59.79522116694083,30.07182223056278
5.5200000000000005,59.464374655133895,29.92477330327765
5.532,59.10372512646191,29.79729361344355
5.5440000000000005,58.71489324080488,29.68837116170319
5.556,58.357645703181014,29.595582588102854
5.5680000000000005,58.03015652291145,29.51803294106408
5.58,57.72929233734707,29.39374866834006
5.5920000000000005,57.454868075870515,29.286340013354216
5.604,57.20536640960708,29.19486759532611
5.6160000000000005,56.92103084381511,29.119833609066568
5.628,56.66209835256728,29.059013155471334
5.64,56.36878146752843,29.01300969549612
5.652,56.101291056902085,28.97969652841497
5.664,55.858146455394866,28.958385369945244
5.676,55.637955826122656,28.948429243762718
5.688,55.43941083118789,28.949220002741267
5.7,55.202911378025185,28.961531148077515
5.712,54.872195618794315,28.986177751100556
5.724,54.56919576651192,29.019923889827282
5.736,54.34937549077899,28.999923765862963
5.748,54.15094231750257,28.99138415616131
5.76,53.97268180603334,28.99369058878638
5.772,53.7550315949839,29.007560083912132
5.784,53.558588323101446,29.031146850185486
5.796,53.323719975669576,29.065228071223608
5.808,53.10969430677202,29.0470357044356
5.82,52.91653845434605,29.04037799316021
5.832,52.74181835762193,28.98367006456665
5.844,52.58444521802587,28.879611043833005
5.856,52.26920319797301,28.79540732799511
5.868,51.92183404441326,28.727688099949393
5.88,51.60251046592415,28.674324223020733
5.892,51.30961821691366,28.634527401758184
5.904,51.041639900551,28.607556643702072
5.916,50.79714915814455,28.592715420899783
5.928,50.516338318042685,28.590597505773886
5.94,50.20119983083091,28.60058304291544
5.952,49.91206196381508,28.62082934763242
5.964,49.647432954490114,28.65079364355748
5.976,49.405910541937786,28.689965724309676
5.988,49.18617659703885,28.737865998986777
6.0,48.92727668171353,28.734328261768237
6.0120000000000005,48.691018686919314,28.7419013476529
6.024,48.417592857462424,28.761187387104666
6.0360000000000005,48.16636801058033,28.729521915207627
6.048,47.93720362795512,28.71054787110626
6.0600000000000005,47.72884433175908,28.703576657395256
6.072,47.53896053139115,28.647096066531738
6.0840000000000005,47.19193371301206,28.608107172221803
6.096,46.46302960779293,28.59124100061349
6.1080000000000005,45.78245057497089,28.586736845531764
6.12,45.14736411895991,28.59392463987191
6.132000000000001,44.54900072384034,28.307490584205567
6.144,43.9889685544719,27.926385759433384
6.156,43.23253921097588,27.581507445487063
6.168,41.88554731827143,27.28404811907943
6.18,40.61988718453066,27.014341431517742
6.192,39.42886271852074,26.709195278536363
6.204,38.30348343568786,26.186756412482175
6.216,37.24475701065529,25.64285670382143
6.228,36.24769434234673,25.017757378472925
6.24,35.25229465800562,24.43852881731201
6.252,34.25714198558657,23.841717514378303
6.264,33.32167802478434,23.28783955303488
6.276,32.44238830392663,22.77439037435984
6.288,31.615969223394604,22.299015688209835
6.3,30.839315403604267,21.859502456787276
6.312,30.05088145782414,21.454859478069483
6.324,29.251214309412667,21.083164925870392
6.336,28.499354061544505,20.741422874689462
6.348,27.79139934673052,20.36709235820806
6.36,27.125833610724012,20.02264065312096
6.372,26.50018021737354,19.70634623877625
6.384,25.85344519040091,19.4176403272733
6.396,25.069623444333153,19.157358609751306
6.408,24.273408923010006,18.92181521353685
6.42,23.523815470150165,18.708410892196742
6.432,22.818111501072813,18.515887413413644
6.444,22.153729333761426,18.343062030077636
6.456,21.528255354996,18.18882295088009
6.468,20.880851027454717,18.053270726771256
6.48,20.212634254609384,17.935416313300802
6.492,19.58205188021286,17.772295218213237
6.5040000000000004,18.98800452342563,17.62717612442894
6.516,18.428365586144583,17.49904872115571
6.5280000000000005,17.900109577695197,17.32622141427221
6.54,17.343695916481913,17.17282792316875
6.5520000000000005,16.819303505056403,17.036806233008683
6.564,16.26637062243062,16.91819320440198
6.5760000000000005,15.744107538021034,16.75434129170886
6.588,15.250753988607546,16.54772320806267
6.6000000000000005,14.785533183062112,16.361256529556982
6.612,14.346822979972215,16.193802122877823
6.6240000000000006,13.933098578224042,16.044289189724317
6.636,13.542926676853483,15.911711166437412
6.648000000000001,13.174959985304179,15.795121869652748
6.66,12.826304793064597,15.572573816893797
6.672,12.497414311762059,15.370819779191306
6.684,12.186413972185525,15.12821200688922
6.696,11.893010986321496,14.907375960369732
6.708,11.615498324570263,14.646642669038135
6.72,11.352980362203564,14.348141927457922
6.732,11.105269194375758,14.07424508856365
6.744,10.871543439350376,13.82354677008257
6.756,10.651031013012528,13.594725896880467
6.768,10.443006171258013,13.386540642285551
6.78,10.245492270392418,13.077098427171936
6.792,10.0591392557471,12.792538317566382
6.804,9.88273229300585,12.471110481316279
6.816,9.715724954916977,12.114755233096798
6.828,9.558169294507014,11.785577523094386
6.84,9.409566061969599,11.48201811812325
6.852,9.269445979154687,11.202611321319146
6.864,9.137367941496464,10.945979359731501
6.876,9.012326895784105,10.65052128346419
6.888,8.893946363349546,10.318290108108265
6.9,8.781872866656743,9.951216044601047
6.912,8.675268691756408,9.49089261643344
6.924,8.574832651288055,9.062724421595632
6.936,8.480263338188538,8.664854108168445
6.948,8.391277448289888,8.295535745980914
6.96,8.307090193960251,7.892894247547256
6.972,8.227458454098885,7.4586512440777
6.984,8.15215400875273,6.994425343729956
6.996,8.080962554158395,6.501738221706812
7.008,8.014131617537807,6.042184578769243
7.0200000000000005,7.951468785569457,5.613848631655938
7.032,7.892316190104332,5.154737110702702
7.0440000000000005,7.836968128648705,4.726594060998732
7.056,7.784790717572749,4.267443254297248
7.0680000000000005,7.7356369493746096,3.7788655102762165
7.08,7.689369001455081,3.2623471218172297
7.0920000000000005,7.646285518200568,2.779428752601093
7.104,7.605820977547956,2.268007269949331
7.1160000000000005,7.567861444864651,1.7295130149881646
7.128,7.532300083295352,1.1652907266496795
7.140000000000001,7.49943374718799,0.6367170899318061
7.152,7.468755127016998,0.0815947260605434
7.164000000000001,7.44057608467053,-0.43864814655470186
7.176,7.414816541440507,-0.9260319490073139
7.188,7.390561088368255,-1.5027268433970729
7.2,7.368544920725211,-2.04376701569147
7.212,7.348703661828617,-2.5512194521601668
7.224,7.330976820227426,-3.0270271431000797
7.236,7.315307556723727,-3.473016522729793
7.248,7.301642465369536,-3.8909044626869562
7.26,7.289457798513011,-4.342493808159265
7.272,7.278270191079577,-4.886196043110566
7.284,7.268900147425541,-5.396822682912
7.296,7.259762113500357,-6.116694345822791
7.308,7.25170666049732,-6.914261990945895
7.32,7.24523240030382,-7.6655190520347265
7.332,7.240036247239253,-8.433165924529456
7.344,7.2363461677777074,-9.156523095378583
7.356,7.233852250386314,-9.898181136768462
7.368,7.232798507603175,-10.597334839821906
7.38,7.232867189878805,-11.316479544349814
7.392,7.233787667620383,-12.114658584125937
7.404,7.236021914004495,-12.867835917934821
7.416,7.239303015527312,-13.638613623499424
7.428,7.243851634882773,-14.366261076009039
7.44,7.249388844318647,-15.113282954481047
7.452,7.256153288164913,-15.818827804589866
7.464,7.263608286736839,-16.605276773722117
7.476,7.272226215273553,-17.348481204369943
7.488,7.281529020477891,-18.170873626683054
7.5,7.291732413117637,-19.008380849625677
7.5120000000000005,7.303008953202596,-19.800478611834894
7.524,7.315142881739983,-20.609757189550727
7.5360000000000005,7.328327511451711,-21.37555030089189
7.548,7.342330099910812,-22.160351213975638
7.5600000000000005,7.357138887080801,-22.963306960941118
7.572,7.372742873383767,-23.78361574800166
7.5840000000000005,7.389330465765541,-24.560609800212767
7.596,7.406493770362176,-25.416666915652247
7.6080000000000005,7.424423353971232,-26.287753549688247
7.62,7.443110553759712,-27.173255689895296
7.632000000000001,7.462690843991417,-28.01273720521467
7.644,7.482998760429875,-28.868786059623055
7.656000000000001,7.504192918643586,-29.68081577247003
7.668,7.52628732314948,-30.45139987006211
7.68,7.548873888326296,-31.302809554485837
7.692,7.572322263499558,-32.111016425077906
7.704,7.596647486156745,-32.87854561491963
7.716,7.621863717245343,-33.60777077454097
7.728,7.647984293753022,-34.300923160861004
7.74,7.675021778129269,-34.96010018078835
7.752,7.702988004738012,-35.5872734222018
7.764,7.731894123519363,-36.184296203068335
7.776,7.761750641027937,-36.75291066761047
7.788,7.7332850610868915,-37.29432146145855
7.8,7.7090671793624,-37.81048012623834
7.812,7.688909369534573,-38.30283472322732
7.824,7.672635288314234,-38.7727464552269
7.836,7.600901888069284,-39.220956795211826
7.848,7.536003751817005,-39.64919079644102
7.86,7.4775983516667015,-40.05857982242703
7.872,7.425363736634051,-40.45018737988043
7.884,7.378997297966373,-40.8250131900573
7.896,7.3382146085447335,-41.18399701582224
7.908,7.302748331918277,-41.528022259083976
7.92,7.272347196792863,-41.85791934238115
7.932,7.24677503304676,-42.17446888756936
7.944,7.22580986558179,-42.4784047037834
7.956,7.2092430625397945,-42.77041659611807
7.968,7.196878534622527,-43.051153005784656
7.98,7.188531982448768,-43.32122349185438
7.992,7.183331058366668,-43.6416155879529
8.004,7.181802664036186,-43.94920564975581
8.016,7.183794107229229,-44.24469515253231
8.028,7.188451934901001,-44.58916884665062
8.040000000000001,7.19634184619668,-44.91957343434823
8.052,7.207337389299152,-45.236686745245024
8.064,7.221319723363863,-45.54123996276199
8.076,7.238177161743093,-45.83392042277545
8.088000000000001,7.257804742613326,-46.11537424434856
8.1,7.280103825361553,-46.38620880261558
8.112,7.304981711184991,-46.64699505328959
8.124,7.332351286451418,-46.898269717696394
8.136000000000001,7.36213068745453,-47.14053733670304
8.148,7.39424298528061,-47.37427220140722
8.16,7.428615889579876,-47.59992016798202
8.172,7.464386500956427,-47.87841072593784
8.184000000000001,7.501490039214607,-48.20688162213035
8.196,7.540647495447887,-48.52214510545024
8.208,7.581802867398428,-48.82492814074794
8.22,7.624903535046988,-49.11591409673892
8.232,7.669900057517986,-49.39574536161072
8.244,7.715933307009134,-49.72555387000785
8.256,7.763764649417377,-50.042129671347695
8.268,7.813353258911818,-50.346201637224375
8.28,7.8646607804943045,-50.63845492784128
8.292,7.917651181573188,-50.91953361451785
8.304,7.9722906124396005,-51.19004314484283
8.316,8.028547275112128,-51.45055265991533
8.328,8.08639130004779,-51.70159717254844
8.34,8.14579463024738,-51.94367961477756
8.352,8.206730912311544,-52.17727276251538
8.364,8.269175394030553,-52.402821044724575
8.376,8.215464601998935,-52.618951683835256
8.388,8.169743004662061,-52.82783630626563
8.4,8.13068707921321,-53.09047164987662
8.412,8.098816635682166,-53.34332569877434
8.424,8.073768148735635,-53.58692021517322
8.436,8.054286916364509,-53.88237407404748
8.448,8.040958654192945,-54.166268853076886
8.46,8.033481561462592,-54.43923331783417
8.472,8.031571963571313,-54.701858525683726
8.484,8.034963224281942,-54.95470008805175
8.496,8.043404723195906,-55.19828029695767
8.508000000000001,8.056660894575877,-55.43309012395105
8.52,8.015749872297398,-55.65863615748953
8.532,7.982486775386652,-55.87630161709724
8.544,7.89774517181977,-56.08551434013783
8.556000000000001,7.823154634972143,-56.28763317286859
8.568,7.758174188417585,-56.48301856547891
8.58,7.702295330308887,-56.67200935681115
8.592,7.6550400846590065,-56.854924070797026
8.604000000000001,7.615959169543075,-57.0320621351055
8.616,7.583623178060606,-57.26442751697448
8.628,7.55863759149976,-57.48830978551688
8.64,7.540629291745415,-57.70415310822802
8.652000000000001,7.529247562279606,-57.91237501670256
8.664,7.524162743828421,-58.1133680045309
8.676,7.525064970668008,-58.307501029319674
8.688,7.530638838063001,-58.55586046243565
8.700000000000001,7.482944329918174,-58.79375059603058
8.712,7.443671661083382,-59.02269839961724
8.724,7.412383523477885,-59.243175687253135
8.736,7.388668860172869,-59.455625976455465
8.748,7.37214129005132,-59.66046618572219
8.76,7.362437626986515,-59.85808823019996
8.772,7.3592164878680215,-60.04886052161026
8.784,7.362156984144416,-60.23312937817818
8.796,7.370957491871747,-60.411220349963834
8.808,7.385334495557443,-60.58343946467226
8.82,7.40502150137198,-60.75007439871301
8.832,7.4286822768715535,-60.97219670984887
8.844,7.457162103789908,-61.18600727611866
8.856,7.490239684240241,-61.39194047782162
8.868,7.527707007817416,-61.59040464164885
8.88,7.6258235692267915,-61.90447476792255
8.892,7.72467460281673,-62.205324867302636
8.904,7.824283031899299,-62.493684742361026
8.916,7.924670412879396,-62.770240415514934
8.928,8.025857016975369,-63.03563675554189
8.94,8.127861907035193,-63.2904799465025
8.952,8.230703009742536,-63.53533980852686
8.964,8.334397183489346,-63.770751979352546
8.976,8.438960282175014,-63.997219964969354
8.988,8.544407215176571,-64.21521706722423
9.0,8.650752003719694,-64.42518819576907
9.012,8.756866639175408,-64.68840815914103
9.024000000000001,8.863898157798195,-64.9411628581259
9.036,8.97071209470036,-65.24487879493422
9.048,9.019897376761808,-65.53482110852188
9.06,9.014748731629416,-65.81165724808855
9.072000000000001,9.016884709635297,-66.07720851138072
9.084,9.02593532107189,-66.33208868053778
9.096,9.040361858826309,-66.63778102817524
9.108,9.061022530046174,-66.9306701795677
9.120000000000001,9.08642267002977,-67.2723641341127
9.132,9.117454119010214,-67.59937252580795
9.144,9.153845471447802,-67.91251382379474
9.156,9.195341608603725,-68.21255739097
9.168000000000001,9.24170272102258,-68.50022643005114
9.18,9.291496491362507,-68.83712304433887
9.192,9.344512348019242,-69.22062773391818
9.204,9.401741288848207,-69.58737384243756
9.216000000000001,9.462996350110505,-69.93830488875263
9.228,9.528101786530645,-70.27430778059683
9.24,9.47994123012852,-70.59373659236809
9.252,9.441839031083806,-70.8998405493088
9.264,9.411996812067601,-71.25433323591994
9.276,9.331449395594449,-71.65339505659634
9.288,9.262694921462163,-72.03489985520636
9.3,9.205091967007242,-72.3998387159765
9.312,9.158037593375347,-72.74914325592582
9.324,9.120965036182666,-73.08368919258768
9.336,9.092060878778277,-73.46529574678748
9.348,9.07209773758663,-73.83049068646699
9.36,9.05933132432381,-74.24118572102279
9.372,9.054584468289299,-74.6340103242064
9.384,9.057441455999873,-75.00997503978247
9.396,9.067511513098522,-75.37002977453665
9.408,9.08442730769957,-75.71506743618629
9.42,9.106547762691351,-76.10693852701895
9.432,9.133551158499559,-76.54317194356302
9.444,9.107986187704107,-76.95916294276675
9.456,9.032867499676286,-77.35594352238164
9.468,8.969381672178637,-77.73584633439145
9.48,8.916896155498497,-78.09982231932169
9.492,8.873464664860045,-78.50983242955057
9.504,8.839872330187962,-78.90240024318257
9.516,8.814250764869282,-79.3395693842441
9.528,8.739077830037271,-79.75660624089232
9.540000000000001,8.67551796070378,-80.15592069594993
9.552,8.622939404257618,-80.53851467203964
9.564,8.580748305343374,-80.90532996781435
9.576,8.54700082683779,-81.31835286315174
9.588000000000001,8.52254974102916,-81.71406539826667
9.6,8.505523661836579,-82.1545387307056
9.612,8.496828025947494,-82.57635012410225
9.624,8.379417664918243,-82.97773735227136
9.636000000000001,8.276023230515372,-83.36250092445647
9.648,8.18586872705439,-83.73157676142584
9.66,8.10677942231865,-84.14700529696175
9.672,8.038083092266346,-84.60634282000213
9.684000000000001,7.980551424708876,-85.04617324826904
9.696,7.933578736466739,-85.46760618410322
9.708,7.896595674026265,-85.87168464159596
9.72,7.869067033481358,-86.25938904160493
9.732,7.849046586550256,-86.69279948496049
9.744,7.837495233437443,-87.10837582056527
9.756,7.832530899012102,-87.56828066806025
9.768,7.835163223923861,-88.00906300645634
9.78,7.786743317224875,-88.43035108212955
9.792,7.748425742378476,-88.83461596444913
9.804,7.719668072914711,-89.22281847411992
9.816,7.698473468980307,-89.65706410641238
9.828,7.684369498566693,-90.13493772774679
9.84,7.6783660208037645,-90.59299974481311
9.852,7.680039898475149,-91.03237898764766
9.864,7.688993367844856,-91.45413654084133
9.876,7.7048525159950385,-91.85926980801206
9.888,7.725766451719314,-92.30993112337687
9.9,7.75289345205385,-92.74254046843129
9.912,7.726207762931189,-93.21783680069542
9.924,7.70839022553896,-93.67380965733707
9.936,7.698971141536745,-94.11155885897543
9.948,7.697508978021071,-94.53211821960019
9.96,7.7035886773617515,-94.93645950673105
9.972,7.71527018248005,-95.38676144309983
9.984,7.732190498289003,-95.88062166140583
9.996,7.754008701183213,-96.4157816088806
10.008000000000001,7.780404474946126,-96.99011805776385
